{
  "comment": "Do not edit this file, use utils/roll_browser.js",
  "browsers": [
    {
      "name": "chromium",
      "revision": "1124",
      "installByDefault": true,
      "browserVersion": "127.0.6533.17"
    },
    {
      "name": "chromium-tip-of-tree",
      "revision": "1231",
      "installByDefault": false,
      "browserVersion": "128.0.6536.0"
    },
    {
      "name": "firefox",
      "revision": "1454",
      "installByDefault": true,
      "browserVersion": "127.0"
    },
    {
      "name": "firefox-beta",
      "revision": "1453",
      "installByDefault": false,
      "browserVersion": "127.0b3"
    },
    {
      "name": "webkit",
      "revision": "2035",
      "installByDefault": true,
      "revisionOverrides": {
        "mac10.14": "1446",
        "mac10.15": "1616",
        "mac11": "1816",
        "mac11-arm64": "1816",
        "mac12": "2009",
        "mac12-arm64": "2009"
      },
      "browserVersion": "17.4"
    },
    {
      "name": "ffmpeg",
      "revision": "1009",
      "installByDefault": true
    },
    {
      "name": "android",
      "revision": "1000",
      "installByDefault": false
    }
  ]
}
