{"Version":1,"ManifestType":"Publish","Endpoints":[{"Route":"GFC.BlazorServer.bhoioz5f9f.styles.css","AssetFile":"GFC.BlazorServer.styles.css","Selectors":[],"ResponseHeaders":[{"Name":"Accept-Ranges","Value":"bytes"},{"Name":"Cache-Control","Value":"max-age=31536000, immutable"},{"Name":"Content-Length","Value":"234336"},{"Name":"Content-Type","Value":"text/css"},{"Name":"ETag","Value":"\"b+CeNUzCzJVswbsYPMitJz6pOkwN/A8Ft25U3s9Jg5U=\""},{"Name":"Last-Modified","Value":"Sat, 03 Jan 2026 14:53:15 GMT"}],"EndpointProperties":[{"Name":"fingerprint","Value":"bhoioz5f9f"},{"Name":"integrity","Value":"sha256-b+CeNUzCzJVswbsYPMitJz6pOkwN/A8Ft25U3s9Jg5U="},{"Name":"label","Value":"GFC.BlazorServer.styles.css"}]},{"Route":"GFC.BlazorServer.styles.css","AssetFile":"GFC.BlazorServer.styles.css","Selectors":[],"ResponseHeaders":[{"Name":"Accept-Ranges","Value":"bytes"},{"Name":"Cache-Control","Value":"no-cache"},{"Name":"Content-Length","Value":"234336"},{"Name":"Content-Type","Value":"text/css"},{"Name":"ETag","Value":"\"b+CeNUzCzJVswbsYPMitJz6pOkwN/A8Ft25U3s9Jg5U=\""},{"Name":"Last-Modified","Value":"Sat, 03 Jan 2026 14:53:15 GMT"}],"EndpointProperties":[{"Name":"integrity","Value":"sha256-b+CeNUzCzJVswbsYPMitJz6pOkwN/A8Ft25U3s9Jg5U="}]},{"Route":"app.css","AssetFile":"app.css","Selectors":[],"ResponseHeaders":[{"Name":"Accept-Ranges","Value":"bytes"},{"Name":"Cache-Control","Value":"no-cache"},{"Name":"Content-Length","Value":"25870"},{"Name":"Content-Type","Value":"text/css"},{"Name":"ETag","Value":"\"fn1YaIgW2uoamhTH/5q046N0jgZCZ0RVerKiwDbf718=\""},{"Name":"Last-Modified","Value":"Tue, 06 Jan 2026 20:59:02 GMT"}],"EndpointProperties":[{"Name":"integrity","Value":"sha256-fn1YaIgW2uoamhTH/5q046N0jgZCZ0RVerKiwDbf718="}]},{"Route":"app.e8x172j51q.css","AssetFile":"app.css","Selectors":[],"ResponseHeaders":[{"Name":"Accept-Ranges","Value":"bytes"},{"Name":"Cache-Control","Value":"max-age=31536000, immutable"},{"Name":"Content-Length","Value":"25870"},{"Name":"Content-Type","Value":"text/css"},{"Name":"ETag","Value":"\"fn1YaIgW2uoamhTH/5q046N0jgZCZ0RVerKiwDbf718=\""},{"Name":"Last-Modified","Value":"Tue, 06 Jan 2026 20:59:02 GMT"}],"EndpointProperties":[{"Name":"fingerprint","Value":"e8x172j51q"},{"Name":"integrity","Value":"sha256-fn1YaIgW2uoamhTH/5q046N0jgZCZ0RVerKiwDbf718="},{"Name":"label","Value":"app.css"}]},{"Route":"bootstrap/bootstrap.min.bpk8xqwxhs.css","AssetFile":"bootstrap/bootstrap.min.css","Selectors":[],"ResponseHeaders":[{"Name":"Accept-Ranges","Value":"bytes"},{"Name":"Cache-Control","Value":"max-age=31536000, immutable"},{"Name":"Content-Length","Value":"162720"},{"Name":"Content-Type","Value":"text/css"},{"Name":"ETag","Value":"\"z8OR40MowJ8GgK6P89Y+hiJK5+cclzFHzLhFQLL92bg=\""},{"Name":"Last-Modified","Value":"Fri, 21 Nov 2025 05:48:54 GMT"}],"EndpointProperties":[{"Name":"fingerprint","Value":"bpk8xqwxhs"},{"Name":"integrity","Value":"sha256-z8OR40MowJ8GgK6P89Y+hiJK5+cclzFHzLhFQLL92bg="},{"Name":"label","Value":"bootstrap/bootstrap.min.css"}]},{"Route":"bootstrap/bootstrap.min.css","AssetFile":"bootstrap/bootstrap.min.css","Selectors":[],"ResponseHeaders":[{"Name":"Accept-Ranges","Value":"bytes"},{"Name":"Cache-Control","Value":"no-cache"},{"Name":"Content-Length","Value":"162720"},{"Name":"Content-Type","Value":"text/css"},{"Name":"ETag","Value":"\"z8OR40MowJ8GgK6P89Y+hiJK5+cclzFHzLhFQLL92bg=\""},{"Name":"Last-Modified","Value":"Fri, 21 Nov 2025 05:48:54 GMT"}],"EndpointProperties":[{"Name":"integrity","Value":"sha256-z8OR40MowJ8GgK6P89Y+hiJK5+cclzFHzLhFQLL92bg="}]},{"Route":"bootstrap/bootstrap.min.css.8inm30yfxf.map","AssetFile":"bootstrap/bootstrap.min.css.map","Selectors":[],"ResponseHeaders":[{"Name":"Accept-Ranges","Value":"bytes"},{"Name":"Cache-Control","Value":"max-age=31536000, immutable"},{"Name":"Content-Length","Value":"449111"},{"Name":"Content-Type","Value":"text/plain"},{"Name":"ETag","Value":"\"gBwg2tmA0Ci2u54gMF1jNCVku6vznarkLS6D76htNNQ=\""},{"Name":"Last-Modified","Value":"Fri, 21 Nov 2025 05:48:54 GMT"}],"EndpointProperties":[{"Name":"fingerprint","Value":"8inm30yfxf"},{"Name":"integrity","Value":"sha256-gBwg2tmA0Ci2u54gMF1jNCVku6vznarkLS6D76htNNQ="},{"Name":"label","Value":"bootstrap/bootstrap.min.css.map"}]},{"Route":"bootstrap/bootstrap.min.css.map","AssetFile":"bootstrap/bootstrap.min.css.map","Selectors":[],"ResponseHeaders":[{"Name":"Accept-Ranges","Value":"bytes"},{"Name":"Cache-Control","Value":"no-cache"},{"Name":"Content-Length","Value":"449111"},{"Name":"Content-Type","Value":"text/plain"},{"Name":"ETag","Value":"\"gBwg2tmA0Ci2u54gMF1jNCVku6vznarkLS6D76htNNQ=\""},{"Name":"Last-Modified","Value":"Fri, 21 Nov 2025 05:48:54 GMT"}],"EndpointProperties":[{"Name":"integrity","Value":"sha256-gBwg2tmA0Ci2u54gMF1jNCVku6vznarkLS6D76htNNQ="}]},{"Route":"css/add-member-animations.css","AssetFile":"css/add-member-animations.css","Selectors":[],"ResponseHeaders":[{"Name":"Accept-Ranges","Value":"bytes"},{"Name":"Cache-Control","Value":"no-cache"},{"Name":"Content-Length","Value":"7096"},{"Name":"Content-Type","Value":"text/css"},{"Name":"ETag","Value":"\"SbLSTy9TmP9NWHET4C8ykJXveTzfhHXOSqSL3EBUDr8=\""},{"Name":"Last-Modified","Value":"Tue, 23 Dec 2025 19:19:46 GMT"}],"EndpointProperties":[{"Name":"integrity","Value":"sha256-SbLSTy9TmP9NWHET4C8ykJXveTzfhHXOSqSL3EBUDr8="}]},{"Route":"css/add-member-animations.hizengx5we.css","AssetFile":"css/add-member-animations.css","Selectors":[],"ResponseHeaders":[{"Name":"Accept-Ranges","Value":"bytes"},{"Name":"Cache-Control","Value":"max-age=31536000, immutable"},{"Name":"Content-Length","Value":"7096"},{"Name":"Content-Type","Value":"text/css"},{"Name":"ETag","Value":"\"SbLSTy9TmP9NWHET4C8ykJXveTzfhHXOSqSL3EBUDr8=\""},{"Name":"Last-Modified","Value":"Tue, 23 Dec 2025 19:19:46 GMT"}],"EndpointProperties":[{"Name":"fingerprint","Value":"hizengx5we"},{"Name":"integrity","Value":"sha256-SbLSTy9TmP9NWHET4C8ykJXveTzfhHXOSqSL3EBUDr8="},{"Name":"label","Value":"css/add-member-animations.css"}]},{"Route":"css/app.06y841qsxm.css","AssetFile":"css/app.css","Selectors":[],"ResponseHeaders":[{"Name":"Accept-Ranges","Value":"bytes"},{"Name":"Cache-Control","Value":"max-age=31536000, immutable"},{"Name":"Content-Length","Value":"2017"},{"Name":"Content-Type","Value":"text/css"},{"Name":"ETag","Value":"\"CNn4e/jyoiGviBKR3oAcglZh6YCVCeeVdcHfPx7VibI=\""},{"Name":"Last-Modified","Value":"Mon, 22 Dec 2025 01:13:45 GMT"}],"EndpointProperties":[{"Name":"fingerprint","Value":"06y841qsxm"},{"Name":"integrity","Value":"sha256-CNn4e/jyoiGviBKR3oAcglZh6YCVCeeVdcHfPx7VibI="},{"Name":"label","Value":"css/app.css"}]},{"Route":"css/app.css","AssetFile":"css/app.css","Selectors":[],"ResponseHeaders":[{"Name":"Accept-Ranges","Value":"bytes"},{"Name":"Cache-Control","Value":"no-cache"},{"Name":"Content-Length","Value":"2017"},{"Name":"Content-Type","Value":"text/css"},{"Name":"ETag","Value":"\"CNn4e/jyoiGviBKR3oAcglZh6YCVCeeVdcHfPx7VibI=\""},{"Name":"Last-Modified","Value":"Mon, 22 Dec 2025 01:13:45 GMT"}],"EndpointProperties":[{"Name":"integrity","Value":"sha256-CNn4e/jyoiGviBKR3oAcglZh6YCVCeeVdcHfPx7VibI="}]},{"Route":"css/camera-grid.css","AssetFile":"css/camera-grid.css","Selectors":[],"ResponseHeaders":[{"Name":"Accept-Ranges","Value":"bytes"},{"Name":"Cache-Control","Value":"no-cache"},{"Name":"Content-Length","Value":"3048"},{"Name":"Content-Type","Value":"text/css"},{"Name":"ETag","Value":"\"xb1m+FpAc9f+eBZqZ5divk4Popp1ECJ5nm1LiryYPLc=\""},{"Name":"Last-Modified","Value":"Mon, 22 Dec 2025 06:35:17 GMT"}],"EndpointProperties":[{"Name":"integrity","Value":"sha256-xb1m+FpAc9f+eBZqZ5divk4Popp1ECJ5nm1LiryYPLc="}]},{"Route":"css/camera-grid.fzcayoikfk.css","AssetFile":"css/camera-grid.css","Selectors":[],"ResponseHeaders":[{"Name":"Accept-Ranges","Value":"bytes"},{"Name":"Cache-Control","Value":"max-age=31536000, immutable"},{"Name":"Content-Length","Value":"3048"},{"Name":"Content-Type","Value":"text/css"},{"Name":"ETag","Value":"\"xb1m+FpAc9f+eBZqZ5divk4Popp1ECJ5nm1LiryYPLc=\""},{"Name":"Last-Modified","Value":"Mon, 22 Dec 2025 06:35:17 GMT"}],"EndpointProperties":[{"Name":"fingerprint","Value":"fzcayoikfk"},{"Name":"integrity","Value":"sha256-xb1m+FpAc9f+eBZqZ5divk4Popp1ECJ5nm1LiryYPLc="},{"Name":"label","Value":"css/camera-grid.css"}]},{"Route":"css/device-frames.3duypubo00.css","AssetFile":"css/device-frames.css","Selectors":[],"ResponseHeaders":[{"Name":"Accept-Ranges","Value":"bytes"},{"Name":"Cache-Control","Value":"max-age=31536000, immutable"},{"Name":"Content-Length","Value":"1407"},{"Name":"Content-Type","Value":"text/css"},{"Name":"ETag","Value":"\"yZALD2isc0mieLRES/s5r3A6POSOS4pu7LzntNiEvds=\""},{"Name":"Last-Modified","Value":"Mon, 29 Dec 2025 07:04:07 GMT"}],"EndpointProperties":[{"Name":"fingerprint","Value":"3duypubo00"},{"Name":"integrity","Value":"sha256-yZALD2isc0mieLRES/s5r3A6POSOS4pu7LzntNiEvds="},{"Name":"label","Value":"css/device-frames.css"}]},{"Route":"css/device-frames.css","AssetFile":"css/device-frames.css","Selectors":[],"ResponseHeaders":[{"Name":"Accept-Ranges","Value":"bytes"},{"Name":"Cache-Control","Value":"no-cache"},{"Name":"Content-Length","Value":"1407"},{"Name":"Content-Type","Value":"text/css"},{"Name":"ETag","Value":"\"yZALD2isc0mieLRES/s5r3A6POSOS4pu7LzntNiEvds=\""},{"Name":"Last-Modified","Value":"Mon, 29 Dec 2025 07:04:07 GMT"}],"EndpointProperties":[{"Name":"integrity","Value":"sha256-yZALD2isc0mieLRES/s5r3A6POSOS4pu7LzntNiEvds="}]},{"Route":"css/diagnostics.css","AssetFile":"css/diagnostics.css","Selectors":[],"ResponseHeaders":[{"Name":"Accept-Ranges","Value":"bytes"},{"Name":"Cache-Control","Value":"no-cache"},{"Name":"Content-Length","Value":"2731"},{"Name":"Content-Type","Value":"text/css"},{"Name":"ETag","Value":"\"vvDxXSB29A4daIcK2o4XgIeJvqdUNdDCL1vonNFiGjU=\""},{"Name":"Last-Modified","Value":"Mon, 22 Dec 2025 13:27:03 GMT"}],"EndpointProperties":[{"Name":"integrity","Value":"sha256-vvDxXSB29A4daIcK2o4XgIeJvqdUNdDCL1vonNFiGjU="}]},{"Route":"css/diagnostics.mmtzwglvg1.css","AssetFile":"css/diagnostics.css","Selectors":[],"ResponseHeaders":[{"Name":"Accept-Ranges","Value":"bytes"},{"Name":"Cache-Control","Value":"max-age=31536000, immutable"},{"Name":"Content-Length","Value":"2731"},{"Name":"Content-Type","Value":"text/css"},{"Name":"ETag","Value":"\"vvDxXSB29A4daIcK2o4XgIeJvqdUNdDCL1vonNFiGjU=\""},{"Name":"Last-Modified","Value":"Mon, 22 Dec 2025 13:27:03 GMT"}],"EndpointProperties":[{"Name":"fingerprint","Value":"mmtzwglvg1"},{"Name":"integrity","Value":"sha256-vvDxXSB29A4daIcK2o4XgIeJvqdUNdDCL1vonNFiGjU="},{"Name":"label","Value":"css/diagnostics.css"}]},{"Route":"css/god-tier-animations.css","AssetFile":"css/god-tier-animations.css","Selectors":[],"ResponseHeaders":[{"Name":"Accept-Ranges","Value":"bytes"},{"Name":"Cache-Control","Value":"no-cache"},{"Name":"Content-Length","Value":"4015"},{"Name":"Content-Type","Value":"text/css"},{"Name":"ETag","Value":"\"d3dQSuvlQzw3fZpg0K6Mu/5LiJMmJz7DDit0rZ5hhqE=\""},{"Name":"Last-Modified","Value":"Mon, 29 Dec 2025 02:26:12 GMT"}],"EndpointProperties":[{"Name":"integrity","Value":"sha256-d3dQSuvlQzw3fZpg0K6Mu/5LiJMmJz7DDit0rZ5hhqE="}]},{"Route":"css/god-tier-animations.r33703o886.css","AssetFile":"css/god-tier-animations.css","Selectors":[],"ResponseHeaders":[{"Name":"Accept-Ranges","Value":"bytes"},{"Name":"Cache-Control","Value":"max-age=31536000, immutable"},{"Name":"Content-Length","Value":"4015"},{"Name":"Content-Type","Value":"text/css"},{"Name":"ETag","Value":"\"d3dQSuvlQzw3fZpg0K6Mu/5LiJMmJz7DDit0rZ5hhqE=\""},{"Name":"Last-Modified","Value":"Mon, 29 Dec 2025 02:26:12 GMT"}],"EndpointProperties":[{"Name":"fingerprint","Value":"r33703o886"},{"Name":"integrity","Value":"sha256-d3dQSuvlQzw3fZpg0K6Mu/5LiJMmJz7DDit0rZ5hhqE="},{"Name":"label","Value":"css/god-tier-animations.css"}]},{"Route":"css/user-management-animations.924z4juslt.css","AssetFile":"css/user-management-animations.css","Selectors":[],"ResponseHeaders":[{"Name":"Accept-Ranges","Value":"bytes"},{"Name":"Cache-Control","Value":"max-age=31536000, immutable"},{"Name":"Content-Length","Value":"590"},{"Name":"Content-Type","Value":"text/css"},{"Name":"ETag","Value":"\"r3B69iUoIUraDI7FYL7baIkZj26iQKQAABQdl6M05TM=\""},{"Name":"Last-Modified","Value":"Fri, 19 Dec 2025 13:17:18 GMT"}],"EndpointProperties":[{"Name":"fingerprint","Value":"924z4juslt"},{"Name":"integrity","Value":"sha256-r3B69iUoIUraDI7FYL7baIkZj26iQKQAABQdl6M05TM="},{"Name":"label","Value":"css/user-management-animations.css"}]},{"Route":"css/user-management-animations.css","AssetFile":"css/user-management-animations.css","Selectors":[],"ResponseHeaders":[{"Name":"Accept-Ranges","Value":"bytes"},{"Name":"Cache-Control","Value":"no-cache"},{"Name":"Content-Length","Value":"590"},{"Name":"Content-Type","Value":"text/css"},{"Name":"ETag","Value":"\"r3B69iUoIUraDI7FYL7baIkZj26iQKQAABQdl6M05TM=\""},{"Name":"Last-Modified","Value":"Fri, 19 Dec 2025 13:17:18 GMT"}],"EndpointProperties":[{"Name":"integrity","Value":"sha256-r3B69iUoIUraDI7FYL7baIkZj26iQKQAABQdl6M05TM="}]},{"Route":"favicon.ifv42okdf2.png","AssetFile":"favicon.png","Selectors":[],"ResponseHeaders":[{"Name":"Accept-Ranges","Value":"bytes"},{"Name":"Cache-Control","Value":"max-age=31536000, immutable"},{"Name":"Content-Length","Value":"1148"},{"Name":"Content-Type","Value":"image/png"},{"Name":"ETag","Value":"\"4mWsDy3aHl36ZbGt8zByK7Pvd4kRUoNgTYzRnwmPHwg=\""},{"Name":"Last-Modified","Value":"Fri, 21 Nov 2025 05:48:54 GMT"}],"EndpointProperties":[{"Name":"fingerprint","Value":"ifv42okdf2"},{"Name":"integrity","Value":"sha256-4mWsDy3aHl36ZbGt8zByK7Pvd4kRUoNgTYzRnwmPHwg="},{"Name":"label","Value":"favicon.png"}]},{"Route":"favicon.png","AssetFile":"favicon.png","Selectors":[],"ResponseHeaders":[{"Name":"Accept-Ranges","Value":"bytes"},{"Name":"Cache-Control","Value":"no-cache"},{"Name":"Content-Length","Value":"1148"},{"Name":"Content-Type","Value":"image/png"},{"Name":"ETag","Value":"\"4mWsDy3aHl36ZbGt8zByK7Pvd4kRUoNgTYzRnwmPHwg=\""},{"Name":"Last-Modified","Value":"Fri, 21 Nov 2025 05:48:54 GMT"}],"EndpointProperties":[{"Name":"integrity","Value":"sha256-4mWsDy3aHl36ZbGt8zByK7Pvd4kRUoNgTYzRnwmPHwg="}]},{"Route":"images/placeholder.ekbnlkgwcv.txt","AssetFile":"images/placeholder.txt","Selectors":[],"ResponseHeaders":[{"Name":"Accept-Ranges","Value":"bytes"},{"Name":"Cache-Control","Value":"max-age=31536000, immutable"},{"Name":"Content-Length","Value":"13"},{"Name":"Content-Type","Value":"text/plain"},{"Name":"ETag","Value":"\"smA/v3F/Wsbm6dFA6ydPOYNwcqQ4xRkdnH3mB8E1xNc=\""},{"Name":"Last-Modified","Value":"Sun, 04 Jan 2026 04:17:27 GMT"}],"EndpointProperties":[{"Name":"fingerprint","Value":"ekbnlkgwcv"},{"Name":"integrity","Value":"sha256-smA/v3F/Wsbm6dFA6ydPOYNwcqQ4xRkdnH3mB8E1xNc="},{"Name":"label","Value":"images/placeholder.txt"}]},{"Route":"images/placeholder.txt","AssetFile":"images/placeholder.txt","Selectors":[],"ResponseHeaders":[{"Name":"Accept-Ranges","Value":"bytes"},{"Name":"Cache-Control","Value":"no-cache"},{"Name":"Content-Length","Value":"13"},{"Name":"Content-Type","Value":"text/plain"},{"Name":"ETag","Value":"\"smA/v3F/Wsbm6dFA6ydPOYNwcqQ4xRkdnH3mB8E1xNc=\""},{"Name":"Last-Modified","Value":"Sun, 04 Jan 2026 04:17:27 GMT"}],"EndpointProperties":[{"Name":"integrity","Value":"sha256-smA/v3F/Wsbm6dFA6ydPOYNwcqQ4xRkdnH3mB8E1xNc="}]},{"Route":"images/pwa-icon-192.png","AssetFile":"images/pwa-icon-192.png","Selectors":[],"ResponseHeaders":[{"Name":"Accept-Ranges","Value":"bytes"},{"Name":"Cache-Control","Value":"no-cache"},{"Name":"Content-Length","Value":"347679"},{"Name":"Content-Type","Value":"image/png"},{"Name":"ETag","Value":"\"H/4ujGOaPxYG50UBp9lyQKwfNSPvonlI8mGa0h6mP9k=\""},{"Name":"Last-Modified","Value":"Tue, 06 Jan 2026 15:26:11 GMT"}],"EndpointProperties":[{"Name":"integrity","Value":"sha256-H/4ujGOaPxYG50UBp9lyQKwfNSPvonlI8mGa0h6mP9k="}]},{"Route":"images/pwa-icon-192.zfuspf6fmt.png","AssetFile":"images/pwa-icon-192.png","Selectors":[],"ResponseHeaders":[{"Name":"Accept-Ranges","Value":"bytes"},{"Name":"Cache-Control","Value":"max-age=31536000, immutable"},{"Name":"Content-Length","Value":"347679"},{"Name":"Content-Type","Value":"image/png"},{"Name":"ETag","Value":"\"H/4ujGOaPxYG50UBp9lyQKwfNSPvonlI8mGa0h6mP9k=\""},{"Name":"Last-Modified","Value":"Tue, 06 Jan 2026 15:26:11 GMT"}],"EndpointProperties":[{"Name":"fingerprint","Value":"zfuspf6fmt"},{"Name":"integrity","Value":"sha256-H/4ujGOaPxYG50UBp9lyQKwfNSPvonlI8mGa0h6mP9k="},{"Name":"label","Value":"images/pwa-icon-192.png"}]},{"Route":"images/pwa-icon-512.jjq3s7g5cr.png","AssetFile":"images/pwa-icon-512.png","Selectors":[],"ResponseHeaders":[{"Name":"Accept-Ranges","Value":"bytes"},{"Name":"Cache-Control","Value":"max-age=31536000, immutable"},{"Name":"Content-Length","Value":"363540"},{"Name":"Content-Type","Value":"image/png"},{"Name":"ETag","Value":"\"HwHruK5u73BkRS2vMc2vit7hSg+kDrwNi0QtmxZd0hQ=\""},{"Name":"Last-Modified","Value":"Tue, 06 Jan 2026 15:25:57 GMT"}],"EndpointProperties":[{"Name":"fingerprint","Value":"jjq3s7g5cr"},{"Name":"integrity","Value":"sha256-HwHruK5u73BkRS2vMc2vit7hSg+kDrwNi0QtmxZd0hQ="},{"Name":"label","Value":"images/pwa-icon-512.png"}]},{"Route":"images/pwa-icon-512.png","AssetFile":"images/pwa-icon-512.png","Selectors":[],"ResponseHeaders":[{"Name":"Accept-Ranges","Value":"bytes"},{"Name":"Cache-Control","Value":"no-cache"},{"Name":"Content-Length","Value":"363540"},{"Name":"Content-Type","Value":"image/png"},{"Name":"ETag","Value":"\"HwHruK5u73BkRS2vMc2vit7hSg+kDrwNi0QtmxZd0hQ=\""},{"Name":"Last-Modified","Value":"Tue, 06 Jan 2026 15:25:57 GMT"}],"EndpointProperties":[{"Name":"integrity","Value":"sha256-HwHruK5u73BkRS2vMc2vit7hSg+kDrwNi0QtmxZd0hQ="}]},{"Route":"js/animation-orchestrator.js","AssetFile":"js/animation-orchestrator.js","Selectors":[],"ResponseHeaders":[{"Name":"Accept-Ranges","Value":"bytes"},{"Name":"Cache-Control","Value":"no-cache"},{"Name":"Content-Length","Value":"4764"},{"Name":"Content-Type","Value":"text/javascript"},{"Name":"ETag","Value":"\"gcNL2y96PnHPw8KXZ2/ieuYjtjc0o2j1qSb3ZuvMu50=\""},{"Name":"Last-Modified","Value":"Thu, 25 Dec 2025 03:41:27 GMT"}],"EndpointProperties":[{"Name":"integrity","Value":"sha256-gcNL2y96PnHPw8KXZ2/ieuYjtjc0o2j1qSb3ZuvMu50="}]},{"Route":"js/animation-orchestrator.nmt2qgaku7.js","AssetFile":"js/animation-orchestrator.js","Selectors":[],"ResponseHeaders":[{"Name":"Accept-Ranges","Value":"bytes"},{"Name":"Cache-Control","Value":"max-age=31536000, immutable"},{"Name":"Content-Length","Value":"4764"},{"Name":"Content-Type","Value":"text/javascript"},{"Name":"ETag","Value":"\"gcNL2y96PnHPw8KXZ2/ieuYjtjc0o2j1qSb3ZuvMu50=\""},{"Name":"Last-Modified","Value":"Thu, 25 Dec 2025 03:41:27 GMT"}],"EndpointProperties":[{"Name":"fingerprint","Value":"nmt2qgaku7"},{"Name":"integrity","Value":"sha256-gcNL2y96PnHPw8KXZ2/ieuYjtjc0o2j1qSb3ZuvMu50="},{"Name":"label","Value":"js/animation-orchestrator.js"}]},{"Route":"js/animationInterop.6ui82cgbuh.js","AssetFile":"js/animationInterop.js","Selectors":[],"ResponseHeaders":[{"Name":"Accept-Ranges","Value":"bytes"},{"Name":"Cache-Control","Value":"max-age=31536000, immutable"},{"Name":"Content-Length","Value":"2773"},{"Name":"Content-Type","Value":"text/javascript"},{"Name":"ETag","Value":"\"ojyXEnYhcrGVgAAA6SL08GtE1n/iNs1KmhWlciQN+Zc=\""},{"Name":"Last-Modified","Value":"Thu, 25 Dec 2025 00:34:25 GMT"}],"EndpointProperties":[{"Name":"fingerprint","Value":"6ui82cgbuh"},{"Name":"integrity","Value":"sha256-ojyXEnYhcrGVgAAA6SL08GtE1n/iNs1KmhWlciQN+Zc="},{"Name":"label","Value":"js/animationInterop.js"}]},{"Route":"js/animationInterop.js","AssetFile":"js/animationInterop.js","Selectors":[],"ResponseHeaders":[{"Name":"Accept-Ranges","Value":"bytes"},{"Name":"Cache-Control","Value":"no-cache"},{"Name":"Content-Length","Value":"2773"},{"Name":"Content-Type","Value":"text/javascript"},{"Name":"ETag","Value":"\"ojyXEnYhcrGVgAAA6SL08GtE1n/iNs1KmhWlciQN+Zc=\""},{"Name":"Last-Modified","Value":"Thu, 25 Dec 2025 00:34:25 GMT"}],"EndpointProperties":[{"Name":"integrity","Value":"sha256-ojyXEnYhcrGVgAAA6SL08GtE1n/iNs1KmhWlciQN+Zc="}]},{"Route":"js/animationScrubbing.du7pzu9f1d.js","AssetFile":"js/animationScrubbing.js","Selectors":[],"ResponseHeaders":[{"Name":"Accept-Ranges","Value":"bytes"},{"Name":"Cache-Control","Value":"max-age=31536000, immutable"},{"Name":"Content-Length","Value":"1608"},{"Name":"Content-Type","Value":"text/javascript"},{"Name":"ETag","Value":"\"9X604WkPUq4rs04e5kjnGk9wpf5ML9HwkEDABYhsfXg=\""},{"Name":"Last-Modified","Value":"Thu, 25 Dec 2025 00:34:25 GMT"}],"EndpointProperties":[{"Name":"fingerprint","Value":"du7pzu9f1d"},{"Name":"integrity","Value":"sha256-9X604WkPUq4rs04e5kjnGk9wpf5ML9HwkEDABYhsfXg="},{"Name":"label","Value":"js/animationScrubbing.js"}]},{"Route":"js/animationScrubbing.js","AssetFile":"js/animationScrubbing.js","Selectors":[],"ResponseHeaders":[{"Name":"Accept-Ranges","Value":"bytes"},{"Name":"Cache-Control","Value":"no-cache"},{"Name":"Content-Length","Value":"1608"},{"Name":"Content-Type","Value":"text/javascript"},{"Name":"ETag","Value":"\"9X604WkPUq4rs04e5kjnGk9wpf5ML9HwkEDABYhsfXg=\""},{"Name":"Last-Modified","Value":"Thu, 25 Dec 2025 00:34:25 GMT"}],"EndpointProperties":[{"Name":"integrity","Value":"sha256-9X604WkPUq4rs04e5kjnGk9wpf5ML9HwkEDABYhsfXg="}]},{"Route":"js/bar-sales-charts.js","AssetFile":"js/bar-sales-charts.js","Selectors":[],"ResponseHeaders":[{"Name":"Accept-Ranges","Value":"bytes"},{"Name":"Cache-Control","Value":"no-cache"},{"Name":"Content-Length","Value":"4278"},{"Name":"Content-Type","Value":"text/javascript"},{"Name":"ETag","Value":"\"LpODQbhpxPaA1h66jdwQ1csNFTy4tPeYladTm85Et2g=\""},{"Name":"Last-Modified","Value":"Mon, 29 Dec 2025 02:26:12 GMT"}],"EndpointProperties":[{"Name":"integrity","Value":"sha256-LpODQbhpxPaA1h66jdwQ1csNFTy4tPeYladTm85Et2g="}]},{"Route":"js/bar-sales-charts.mn4p98skcg.js","AssetFile":"js/bar-sales-charts.js","Selectors":[],"ResponseHeaders":[{"Name":"Accept-Ranges","Value":"bytes"},{"Name":"Cache-Control","Value":"max-age=31536000, immutable"},{"Name":"Content-Length","Value":"4278"},{"Name":"Content-Type","Value":"text/javascript"},{"Name":"ETag","Value":"\"LpODQbhpxPaA1h66jdwQ1csNFTy4tPeYladTm85Et2g=\""},{"Name":"Last-Modified","Value":"Mon, 29 Dec 2025 02:26:12 GMT"}],"EndpointProperties":[{"Name":"fingerprint","Value":"mn4p98skcg"},{"Name":"integrity","Value":"sha256-LpODQbhpxPaA1h66jdwQ1csNFTy4tPeYladTm85Et2g="},{"Name":"label","Value":"js/bar-sales-charts.js"}]},{"Route":"js/blazorInterop.h3utrjah66.js","AssetFile":"js/blazorInterop.js","Selectors":[],"ResponseHeaders":[{"Name":"Accept-Ranges","Value":"bytes"},{"Name":"Cache-Control","Value":"max-age=31536000, immutable"},{"Name":"Content-Length","Value":"1655"},{"Name":"Content-Type","Value":"text/javascript"},{"Name":"ETag","Value":"\"Y7uVHc41k6u5oj5Q9N+AhqS22QxkbAl/TVZvaBGc4EE=\""},{"Name":"Last-Modified","Value":"Tue, 30 Dec 2025 06:45:27 GMT"}],"EndpointProperties":[{"Name":"fingerprint","Value":"h3utrjah66"},{"Name":"integrity","Value":"sha256-Y7uVHc41k6u5oj5Q9N+AhqS22QxkbAl/TVZvaBGc4EE="},{"Name":"label","Value":"js/blazorInterop.js"}]},{"Route":"js/blazorInterop.js","AssetFile":"js/blazorInterop.js","Selectors":[],"ResponseHeaders":[{"Name":"Accept-Ranges","Value":"bytes"},{"Name":"Cache-Control","Value":"no-cache"},{"Name":"Content-Length","Value":"1655"},{"Name":"Content-Type","Value":"text/javascript"},{"Name":"ETag","Value":"\"Y7uVHc41k6u5oj5Q9N+AhqS22QxkbAl/TVZvaBGc4EE=\""},{"Name":"Last-Modified","Value":"Tue, 30 Dec 2025 06:45:27 GMT"}],"EndpointProperties":[{"Name":"integrity","Value":"sha256-Y7uVHc41k6u5oj5Q9N+AhqS22QxkbAl/TVZvaBGc4EE="}]},{"Route":"js/camera-player.cfy0ud3y77.js","AssetFile":"js/camera-player.js","Selectors":[],"ResponseHeaders":[{"Name":"Accept-Ranges","Value":"bytes"},{"Name":"Cache-Control","Value":"max-age=31536000, immutable"},{"Name":"Content-Length","Value":"2145"},{"Name":"Content-Type","Value":"text/javascript"},{"Name":"ETag","Value":"\"uG8Pz7/2qYrzarcorp6mjFvpx5XCFzcDQGRouLhA29c=\""},{"Name":"Last-Modified","Value":"Tue, 23 Dec 2025 02:21:05 GMT"}],"EndpointProperties":[{"Name":"fingerprint","Value":"cfy0ud3y77"},{"Name":"integrity","Value":"sha256-uG8Pz7/2qYrzarcorp6mjFvpx5XCFzcDQGRouLhA29c="},{"Name":"label","Value":"js/camera-player.js"}]},{"Route":"js/camera-player.js","AssetFile":"js/camera-player.js","Selectors":[],"ResponseHeaders":[{"Name":"Accept-Ranges","Value":"bytes"},{"Name":"Cache-Control","Value":"no-cache"},{"Name":"Content-Length","Value":"2145"},{"Name":"Content-Type","Value":"text/javascript"},{"Name":"ETag","Value":"\"uG8Pz7/2qYrzarcorp6mjFvpx5XCFzcDQGRouLhA29c=\""},{"Name":"Last-Modified","Value":"Tue, 23 Dec 2025 02:21:05 GMT"}],"EndpointProperties":[{"Name":"integrity","Value":"sha256-uG8Pz7/2qYrzarcorp6mjFvpx5XCFzcDQGRouLhA29c="}]},{"Route":"js/camera.js","AssetFile":"js/camera.js","Selectors":[],"ResponseHeaders":[{"Name":"Accept-Ranges","Value":"bytes"},{"Name":"Cache-Control","Value":"no-cache"},{"Name":"Content-Length","Value":"2553"},{"Name":"Content-Type","Value":"text/javascript"},{"Name":"ETag","Value":"\"GgQBMQzrUWWDgL4SWiCBZtMDUBmNukGNk2W9D4jyrno=\""},{"Name":"Last-Modified","Value":"Sun, 30 Nov 2025 16:25:58 GMT"}],"EndpointProperties":[{"Name":"integrity","Value":"sha256-GgQBMQzrUWWDgL4SWiCBZtMDUBmNukGNk2W9D4jyrno="}]},{"Route":"js/camera.uam07hsi8u.js","AssetFile":"js/camera.js","Selectors":[],"ResponseHeaders":[{"Name":"Accept-Ranges","Value":"bytes"},{"Name":"Cache-Control","Value":"max-age=31536000, immutable"},{"Name":"Content-Length","Value":"2553"},{"Name":"Content-Type","Value":"text/javascript"},{"Name":"ETag","Value":"\"GgQBMQzrUWWDgL4SWiCBZtMDUBmNukGNk2W9D4jyrno=\""},{"Name":"Last-Modified","Value":"Sun, 30 Nov 2025 16:25:58 GMT"}],"EndpointProperties":[{"Name":"fingerprint","Value":"uam07hsi8u"},{"Name":"integrity","Value":"sha256-GgQBMQzrUWWDgL4SWiCBZtMDUBmNukGNk2W9D4jyrno="},{"Name":"label","Value":"js/camera.js"}]},{"Route":"js/diagnostics-charts.js","AssetFile":"js/diagnostics-charts.js","Selectors":[],"ResponseHeaders":[{"Name":"Accept-Ranges","Value":"bytes"},{"Name":"Cache-Control","Value":"no-cache"},{"Name":"Content-Length","Value":"261"},{"Name":"Content-Type","Value":"text/javascript"},{"Name":"ETag","Value":"\"jtQRm76my1xfRjnNXIIZHyjhErWV/HPk3ak8DW15VqE=\""},{"Name":"Last-Modified","Value":"Mon, 22 Dec 2025 14:59:22 GMT"}],"EndpointProperties":[{"Name":"integrity","Value":"sha256-jtQRm76my1xfRjnNXIIZHyjhErWV/HPk3ak8DW15VqE="}]},{"Route":"js/diagnostics-charts.u8tud2j9vv.js","AssetFile":"js/diagnostics-charts.js","Selectors":[],"ResponseHeaders":[{"Name":"Accept-Ranges","Value":"bytes"},{"Name":"Cache-Control","Value":"max-age=31536000, immutable"},{"Name":"Content-Length","Value":"261"},{"Name":"Content-Type","Value":"text/javascript"},{"Name":"ETag","Value":"\"jtQRm76my1xfRjnNXIIZHyjhErWV/HPk3ak8DW15VqE=\""},{"Name":"Last-Modified","Value":"Mon, 22 Dec 2025 14:59:22 GMT"}],"EndpointProperties":[{"Name":"fingerprint","Value":"u8tud2j9vv"},{"Name":"integrity","Value":"sha256-jtQRm76my1xfRjnNXIIZHyjhErWV/HPk3ak8DW15VqE="},{"Name":"label","Value":"js/diagnostics-charts.js"}]},{"Route":"js/download.j7iirljapn.js","AssetFile":"js/download.js","Selectors":[],"ResponseHeaders":[{"Name":"Accept-Ranges","Value":"bytes"},{"Name":"Cache-Control","Value":"max-age=31536000, immutable"},{"Name":"Content-Length","Value":"324"},{"Name":"Content-Type","Value":"text/javascript"},{"Name":"ETag","Value":"\"r0tiZOCToUh06PG0zt69uAEj9JWoa4/q9IeY7r0Jmek=\""},{"Name":"Last-Modified","Value":"Mon, 22 Dec 2025 01:11:56 GMT"}],"EndpointProperties":[{"Name":"fingerprint","Value":"j7iirljapn"},{"Name":"integrity","Value":"sha256-r0tiZOCToUh06PG0zt69uAEj9JWoa4/q9IeY7r0Jmek="},{"Name":"label","Value":"js/download.js"}]},{"Route":"js/download.js","AssetFile":"js/download.js","Selectors":[],"ResponseHeaders":[{"Name":"Accept-Ranges","Value":"bytes"},{"Name":"Cache-Control","Value":"no-cache"},{"Name":"Content-Length","Value":"324"},{"Name":"Content-Type","Value":"text/javascript"},{"Name":"ETag","Value":"\"r0tiZOCToUh06PG0zt69uAEj9JWoa4/q9IeY7r0Jmek=\""},{"Name":"Last-Modified","Value":"Mon, 22 Dec 2025 01:11:56 GMT"}],"EndpointProperties":[{"Name":"integrity","Value":"sha256-r0tiZOCToUh06PG0zt69uAEj9JWoa4/q9IeY7r0Jmek="}]},{"Route":"js/fileUtils.js","AssetFile":"js/fileUtils.js","Selectors":[],"ResponseHeaders":[{"Name":"Accept-Ranges","Value":"bytes"},{"Name":"Cache-Control","Value":"no-cache"},{"Name":"Content-Length","Value":"527"},{"Name":"Content-Type","Value":"text/javascript"},{"Name":"ETag","Value":"\"zdRu/N+FDldoE5Mp3p67OeHvep/SXxEEIUJmEkXCtPM=\""},{"Name":"Last-Modified","Value":"Mon, 29 Dec 2025 06:28:27 GMT"}],"EndpointProperties":[{"Name":"integrity","Value":"sha256-zdRu/N+FDldoE5Mp3p67OeHvep/SXxEEIUJmEkXCtPM="}]},{"Route":"js/fileUtils.t07tohhwea.js","AssetFile":"js/fileUtils.js","Selectors":[],"ResponseHeaders":[{"Name":"Accept-Ranges","Value":"bytes"},{"Name":"Cache-Control","Value":"max-age=31536000, immutable"},{"Name":"Content-Length","Value":"527"},{"Name":"Content-Type","Value":"text/javascript"},{"Name":"ETag","Value":"\"zdRu/N+FDldoE5Mp3p67OeHvep/SXxEEIUJmEkXCtPM=\""},{"Name":"Last-Modified","Value":"Mon, 29 Dec 2025 06:28:27 GMT"}],"EndpointProperties":[{"Name":"fingerprint","Value":"t07tohhwea"},{"Name":"integrity","Value":"sha256-zdRu/N+FDldoE5Mp3p67OeHvep/SXxEEIUJmEkXCtPM="},{"Name":"label","Value":"js/fileUtils.js"}]},{"Route":"js/gfc-select-helpers.8ido775tms.js","AssetFile":"js/gfc-select-helpers.js","Selectors":[],"ResponseHeaders":[{"Name":"Accept-Ranges","Value":"bytes"},{"Name":"Cache-Control","Value":"max-age=31536000, immutable"},{"Name":"Content-Length","Value":"390"},{"Name":"Content-Type","Value":"text/javascript"},{"Name":"ETag","Value":"\"YM09VgzVc/du8a/3ZMaM4vsJRNzXo160dPR88AFid+g=\""},{"Name":"Last-Modified","Value":"Mon, 01 Dec 2025 12:02:13 GMT"}],"EndpointProperties":[{"Name":"fingerprint","Value":"8ido775tms"},{"Name":"integrity","Value":"sha256-YM09VgzVc/du8a/3ZMaM4vsJRNzXo160dPR88AFid+g="},{"Name":"label","Value":"js/gfc-select-helpers.js"}]},{"Route":"js/gfc-select-helpers.js","AssetFile":"js/gfc-select-helpers.js","Selectors":[],"ResponseHeaders":[{"Name":"Accept-Ranges","Value":"bytes"},{"Name":"Cache-Control","Value":"no-cache"},{"Name":"Content-Length","Value":"390"},{"Name":"Content-Type","Value":"text/javascript"},{"Name":"ETag","Value":"\"YM09VgzVc/du8a/3ZMaM4vsJRNzXo160dPR88AFid+g=\""},{"Name":"Last-Modified","Value":"Mon, 01 Dec 2025 12:02:13 GMT"}],"EndpointProperties":[{"Name":"integrity","Value":"sha256-YM09VgzVc/du8a/3ZMaM4vsJRNzXo160dPR88AFid+g="}]},{"Route":"js/multiselect.js","AssetFile":"js/multiselect.js","Selectors":[],"ResponseHeaders":[{"Name":"Accept-Ranges","Value":"bytes"},{"Name":"Cache-Control","Value":"no-cache"},{"Name":"Content-Length","Value":"313"},{"Name":"Content-Type","Value":"text/javascript"},{"Name":"ETag","Value":"\"+3x1u0dSo6WhchXYiSMi1t+kt9pX34QtVoFIwtHZFsw=\""},{"Name":"Last-Modified","Value":"Mon, 01 Dec 2025 11:13:02 GMT"}],"EndpointProperties":[{"Name":"integrity","Value":"sha256-+3x1u0dSo6WhchXYiSMi1t+kt9pX34QtVoFIwtHZFsw="}]},{"Route":"js/multiselect.lcsmqsoe9j.js","AssetFile":"js/multiselect.js","Selectors":[],"ResponseHeaders":[{"Name":"Accept-Ranges","Value":"bytes"},{"Name":"Cache-Control","Value":"max-age=31536000, immutable"},{"Name":"Content-Length","Value":"313"},{"Name":"Content-Type","Value":"text/javascript"},{"Name":"ETag","Value":"\"+3x1u0dSo6WhchXYiSMi1t+kt9pX34QtVoFIwtHZFsw=\""},{"Name":"Last-Modified","Value":"Mon, 01 Dec 2025 11:13:02 GMT"}],"EndpointProperties":[{"Name":"fingerprint","Value":"lcsmqsoe9j"},{"Name":"integrity","Value":"sha256-+3x1u0dSo6WhchXYiSMi1t+kt9pX34QtVoFIwtHZFsw="},{"Name":"label","Value":"js/multiselect.js"}]},{"Route":"js/pwa-installer.js","AssetFile":"js/pwa-installer.js","Selectors":[],"ResponseHeaders":[{"Name":"Accept-Ranges","Value":"bytes"},{"Name":"Cache-Control","Value":"no-cache"},{"Name":"Content-Length","Value":"5011"},{"Name":"Content-Type","Value":"text/javascript"},{"Name":"ETag","Value":"\"fRV/5fHjtP/VS9lI9jpfjAUdbW/C6AwlLzu1H8ZXIdY=\""},{"Name":"Last-Modified","Value":"Sun, 04 Jan 2026 05:09:09 GMT"}],"EndpointProperties":[{"Name":"integrity","Value":"sha256-fRV/5fHjtP/VS9lI9jpfjAUdbW/C6AwlLzu1H8ZXIdY="}]},{"Route":"js/pwa-installer.runrpgg9d5.js","AssetFile":"js/pwa-installer.js","Selectors":[],"ResponseHeaders":[{"Name":"Accept-Ranges","Value":"bytes"},{"Name":"Cache-Control","Value":"max-age=31536000, immutable"},{"Name":"Content-Length","Value":"5011"},{"Name":"Content-Type","Value":"text/javascript"},{"Name":"ETag","Value":"\"fRV/5fHjtP/VS9lI9jpfjAUdbW/C6AwlLzu1H8ZXIdY=\""},{"Name":"Last-Modified","Value":"Sun, 04 Jan 2026 05:09:09 GMT"}],"EndpointProperties":[{"Name":"fingerprint","Value":"runrpgg9d5"},{"Name":"integrity","Value":"sha256-fRV/5fHjtP/VS9lI9jpfjAUdbW/C6AwlLzu1H8ZXIdY="},{"Name":"label","Value":"js/pwa-installer.js"}]},{"Route":"js/session-monitor.js","AssetFile":"js/session-monitor.js","Selectors":[],"ResponseHeaders":[{"Name":"Accept-Ranges","Value":"bytes"},{"Name":"Cache-Control","Value":"no-cache"},{"Name":"Content-Length","Value":"3924"},{"Name":"Content-Type","Value":"text/javascript"},{"Name":"ETag","Value":"\"OXkSrhXz0NCaObHAYu2bMhol0W3sqD5ybnLtWaQ6oH0=\""},{"Name":"Last-Modified","Value":"Sun, 04 Jan 2026 04:15:16 GMT"}],"EndpointProperties":[{"Name":"integrity","Value":"sha256-OXkSrhXz0NCaObHAYu2bMhol0W3sqD5ybnLtWaQ6oH0="}]},{"Route":"js/session-monitor.rn70gsit5a.js","AssetFile":"js/session-monitor.js","Selectors":[],"ResponseHeaders":[{"Name":"Accept-Ranges","Value":"bytes"},{"Name":"Cache-Control","Value":"max-age=31536000, immutable"},{"Name":"Content-Length","Value":"3924"},{"Name":"Content-Type","Value":"text/javascript"},{"Name":"ETag","Value":"\"OXkSrhXz0NCaObHAYu2bMhol0W3sqD5ybnLtWaQ6oH0=\""},{"Name":"Last-Modified","Value":"Sun, 04 Jan 2026 04:15:16 GMT"}],"EndpointProperties":[{"Name":"fingerprint","Value":"rn70gsit5a"},{"Name":"integrity","Value":"sha256-OXkSrhXz0NCaObHAYu2bMhol0W3sqD5ybnLtWaQ6oH0="},{"Name":"label","Value":"js/session-monitor.js"}]},{"Route":"js/studio-dnd.azbqj10zxf.js","AssetFile":"js/studio-dnd.js","Selectors":[],"ResponseHeaders":[{"Name":"Accept-Ranges","Value":"bytes"},{"Name":"Cache-Control","Value":"max-age=31536000, immutable"},{"Name":"Content-Length","Value":"516"},{"Name":"Content-Type","Value":"text/javascript"},{"Name":"ETag","Value":"\"JhYkiT4Xdvhe9QF0hTAXX7mJn7U3b7YKToTjIQQfNyU=\""},{"Name":"Last-Modified","Value":"Tue, 23 Dec 2025 06:15:18 GMT"}],"EndpointProperties":[{"Name":"fingerprint","Value":"azbqj10zxf"},{"Name":"integrity","Value":"sha256-JhYkiT4Xdvhe9QF0hTAXX7mJn7U3b7YKToTjIQQfNyU="},{"Name":"label","Value":"js/studio-dnd.js"}]},{"Route":"js/studio-dnd.js","AssetFile":"js/studio-dnd.js","Selectors":[],"ResponseHeaders":[{"Name":"Accept-Ranges","Value":"bytes"},{"Name":"Cache-Control","Value":"no-cache"},{"Name":"Content-Length","Value":"516"},{"Name":"Content-Type","Value":"text/javascript"},{"Name":"ETag","Value":"\"JhYkiT4Xdvhe9QF0hTAXX7mJn7U3b7YKToTjIQQfNyU=\""},{"Name":"Last-Modified","Value":"Tue, 23 Dec 2025 06:15:18 GMT"}],"EndpointProperties":[{"Name":"integrity","Value":"sha256-JhYkiT4Xdvhe9QF0hTAXX7mJn7U3b7YKToTjIQQfNyU="}]},{"Route":"js/studio-preview.19h5r1ri5y.js","AssetFile":"js/studio-preview.js","Selectors":[],"ResponseHeaders":[{"Name":"Accept-Ranges","Value":"bytes"},{"Name":"Cache-Control","Value":"max-age=31536000, immutable"},{"Name":"Content-Length","Value":"10700"},{"Name":"Content-Type","Value":"text/javascript"},{"Name":"ETag","Value":"\"lbUmA8qYgpQkZrEgrwKqB4w04Vnj+cb8xAuCEgTjavw=\""},{"Name":"Last-Modified","Value":"Tue, 30 Dec 2025 02:50:47 GMT"}],"EndpointProperties":[{"Name":"fingerprint","Value":"19h5r1ri5y"},{"Name":"integrity","Value":"sha256-lbUmA8qYgpQkZrEgrwKqB4w04Vnj+cb8xAuCEgTjavw="},{"Name":"label","Value":"js/studio-preview.js"}]},{"Route":"js/studio-preview.js","AssetFile":"js/studio-preview.js","Selectors":[],"ResponseHeaders":[{"Name":"Accept-Ranges","Value":"bytes"},{"Name":"Cache-Control","Value":"no-cache"},{"Name":"Content-Length","Value":"10700"},{"Name":"Content-Type","Value":"text/javascript"},{"Name":"ETag","Value":"\"lbUmA8qYgpQkZrEgrwKqB4w04Vnj+cb8xAuCEgTjavw=\""},{"Name":"Last-Modified","Value":"Tue, 30 Dec 2025 02:50:47 GMT"}],"EndpointProperties":[{"Name":"integrity","Value":"sha256-lbUmA8qYgpQkZrEgrwKqB4w04Vnj+cb8xAuCEgTjavw="}]},{"Route":"js/studio-theme.88tsivlqjy.js","AssetFile":"js/studio-theme.js","Selectors":[],"ResponseHeaders":[{"Name":"Accept-Ranges","Value":"bytes"},{"Name":"Cache-Control","Value":"max-age=31536000, immutable"},{"Name":"Content-Length","Value":"323"},{"Name":"Content-Type","Value":"text/javascript"},{"Name":"ETag","Value":"\"+IBl20bp9dwsRkswWHDMna/LZuDQjdJqn8rhRcxeNSY=\""},{"Name":"Last-Modified","Value":"Thu, 25 Dec 2025 05:48:47 GMT"}],"EndpointProperties":[{"Name":"fingerprint","Value":"88tsivlqjy"},{"Name":"integrity","Value":"sha256-+IBl20bp9dwsRkswWHDMna/LZuDQjdJqn8rhRcxeNSY="},{"Name":"label","Value":"js/studio-theme.js"}]},{"Route":"js/studio-theme.js","AssetFile":"js/studio-theme.js","Selectors":[],"ResponseHeaders":[{"Name":"Accept-Ranges","Value":"bytes"},{"Name":"Cache-Control","Value":"no-cache"},{"Name":"Content-Length","Value":"323"},{"Name":"Content-Type","Value":"text/javascript"},{"Name":"ETag","Value":"\"+IBl20bp9dwsRkswWHDMna/LZuDQjdJqn8rhRcxeNSY=\""},{"Name":"Last-Modified","Value":"Thu, 25 Dec 2025 05:48:47 GMT"}],"EndpointProperties":[{"Name":"integrity","Value":"sha256-+IBl20bp9dwsRkswWHDMna/LZuDQjdJqn8rhRcxeNSY="}]},{"Route":"js/studio.6h9srzd1b1.js","AssetFile":"js/studio.js","Selectors":[],"ResponseHeaders":[{"Name":"Accept-Ranges","Value":"bytes"},{"Name":"Cache-Control","Value":"max-age=31536000, immutable"},{"Name":"Content-Length","Value":"234"},{"Name":"Content-Type","Value":"text/javascript"},{"Name":"ETag","Value":"\"+pWtrPTU23hsk6YKg6KpZjmT4luJ30+JokiIQrQMOxU=\""},{"Name":"Last-Modified","Value":"Thu, 25 Dec 2025 05:33:38 GMT"}],"EndpointProperties":[{"Name":"fingerprint","Value":"6h9srzd1b1"},{"Name":"integrity","Value":"sha256-+pWtrPTU23hsk6YKg6KpZjmT4luJ30+JokiIQrQMOxU="},{"Name":"label","Value":"js/studio.js"}]},{"Route":"js/studio.js","AssetFile":"js/studio.js","Selectors":[],"ResponseHeaders":[{"Name":"Accept-Ranges","Value":"bytes"},{"Name":"Cache-Control","Value":"no-cache"},{"Name":"Content-Length","Value":"234"},{"Name":"Content-Type","Value":"text/javascript"},{"Name":"ETag","Value":"\"+pWtrPTU23hsk6YKg6KpZjmT4luJ30+JokiIQrQMOxU=\""},{"Name":"Last-Modified","Value":"Thu, 25 Dec 2025 05:33:38 GMT"}],"EndpointProperties":[{"Name":"integrity","Value":"sha256-+pWtrPTU23hsk6YKg6KpZjmT4luJ30+JokiIQrQMOxU="}]},{"Route":"js/studioInterop.js","AssetFile":"js/studioInterop.js","Selectors":[],"ResponseHeaders":[{"Name":"Accept-Ranges","Value":"bytes"},{"Name":"Cache-Control","Value":"no-cache"},{"Name":"Content-Length","Value":"1798"},{"Name":"Content-Type","Value":"text/javascript"},{"Name":"ETag","Value":"\"u4pSaQjFOEktsgmyiaSnxBWhabzY4A+NrJdNRzCvPmQ=\""},{"Name":"Last-Modified","Value":"Sat, 27 Dec 2025 06:26:54 GMT"}],"EndpointProperties":[{"Name":"integrity","Value":"sha256-u4pSaQjFOEktsgmyiaSnxBWhabzY4A+NrJdNRzCvPmQ="}]},{"Route":"js/studioInterop.rkliphfbpm.js","AssetFile":"js/studioInterop.js","Selectors":[],"ResponseHeaders":[{"Name":"Accept-Ranges","Value":"bytes"},{"Name":"Cache-Control","Value":"max-age=31536000, immutable"},{"Name":"Content-Length","Value":"1798"},{"Name":"Content-Type","Value":"text/javascript"},{"Name":"ETag","Value":"\"u4pSaQjFOEktsgmyiaSnxBWhabzY4A+NrJdNRzCvPmQ=\""},{"Name":"Last-Modified","Value":"Sat, 27 Dec 2025 06:26:54 GMT"}],"EndpointProperties":[{"Name":"fingerprint","Value":"rkliphfbpm"},{"Name":"integrity","Value":"sha256-u4pSaQjFOEktsgmyiaSnxBWhabzY4A+NrJdNRzCvPmQ="},{"Name":"label","Value":"js/studioInterop.js"}]},{"Route":"js/timeline-interop.2zyilewd1r.js","AssetFile":"js/timeline-interop.js","Selectors":[],"ResponseHeaders":[{"Name":"Accept-Ranges","Value":"bytes"},{"Name":"Cache-Control","Value":"max-age=31536000, immutable"},{"Name":"Content-Length","Value":"3589"},{"Name":"Content-Type","Value":"text/javascript"},{"Name":"ETag","Value":"\"ju6kZY1pp54cyHOA1/91aIo/afVUvZWyVt6T/a0cQCw=\""},{"Name":"Last-Modified","Value":"Thu, 25 Dec 2025 05:48:47 GMT"}],"EndpointProperties":[{"Name":"fingerprint","Value":"2zyilewd1r"},{"Name":"integrity","Value":"sha256-ju6kZY1pp54cyHOA1/91aIo/afVUvZWyVt6T/a0cQCw="},{"Name":"label","Value":"js/timeline-interop.js"}]},{"Route":"js/timeline-interop.js","AssetFile":"js/timeline-interop.js","Selectors":[],"ResponseHeaders":[{"Name":"Accept-Ranges","Value":"bytes"},{"Name":"Cache-Control","Value":"no-cache"},{"Name":"Content-Length","Value":"3589"},{"Name":"Content-Type","Value":"text/javascript"},{"Name":"ETag","Value":"\"ju6kZY1pp54cyHOA1/91aIo/afVUvZWyVt6T/a0cQCw=\""},{"Name":"Last-Modified","Value":"Thu, 25 Dec 2025 05:48:47 GMT"}],"EndpointProperties":[{"Name":"integrity","Value":"sha256-ju6kZY1pp54cyHOA1/91aIo/afVUvZWyVt6T/a0cQCw="}]},{"Route":"manifest.json","AssetFile":"manifest.json","Selectors":[],"ResponseHeaders":[{"Name":"Accept-Ranges","Value":"bytes"},{"Name":"Cache-Control","Value":"no-cache"},{"Name":"Content-Length","Value":"748"},{"Name":"Content-Type","Value":"application/json"},{"Name":"ETag","Value":"\"USHWWZQK1Wd9JhzTADyjp9jHtNzbQ0qjzHT+sxuH+x8=\""},{"Name":"Last-Modified","Value":"Sun, 04 Jan 2026 05:02:02 GMT"}],"EndpointProperties":[{"Name":"integrity","Value":"sha256-USHWWZQK1Wd9JhzTADyjp9jHtNzbQ0qjzHT+sxuH+x8="}]},{"Route":"manifest.tt6bev06c3.json","AssetFile":"manifest.json","Selectors":[],"ResponseHeaders":[{"Name":"Accept-Ranges","Value":"bytes"},{"Name":"Cache-Control","Value":"max-age=31536000, immutable"},{"Name":"Content-Length","Value":"748"},{"Name":"Content-Type","Value":"application/json"},{"Name":"ETag","Value":"\"USHWWZQK1Wd9JhzTADyjp9jHtNzbQ0qjzHT+sxuH+x8=\""},{"Name":"Last-Modified","Value":"Sun, 04 Jan 2026 05:02:02 GMT"}],"EndpointProperties":[{"Name":"fingerprint","Value":"tt6bev06c3"},{"Name":"integrity","Value":"sha256-USHWWZQK1Wd9JhzTADyjp9jHtNzbQ0qjzHT+sxuH+x8="},{"Name":"label","Value":"manifest.json"}]},{"Route":"public-site/index.html","AssetFile":"public-site/index.html","Selectors":[],"ResponseHeaders":[{"Name":"Accept-Ranges","Value":"bytes"},{"Name":"Cache-Control","Value":"no-cache"},{"Name":"Content-Length","Value":"25163"},{"Name":"Content-Type","Value":"text/html"},{"Name":"ETag","Value":"\"QfDXc3UwCVS4PTQOonK5iKEZ2+Xk/Jk++RT9GiutKoM=\""},{"Name":"Last-Modified","Value":"Mon, 22 Dec 2025 16:54:31 GMT"}],"EndpointProperties":[{"Name":"integrity","Value":"sha256-QfDXc3UwCVS4PTQOonK5iKEZ2+Xk/Jk++RT9GiutKoM="}]},{"Route":"public-site/index.vwqmq5taxt.html","AssetFile":"public-site/index.html","Selectors":[],"ResponseHeaders":[{"Name":"Accept-Ranges","Value":"bytes"},{"Name":"Cache-Control","Value":"max-age=31536000, immutable"},{"Name":"Content-Length","Value":"25163"},{"Name":"Content-Type","Value":"text/html"},{"Name":"ETag","Value":"\"QfDXc3UwCVS4PTQOonK5iKEZ2+Xk/Jk++RT9GiutKoM=\""},{"Name":"Last-Modified","Value":"Mon, 22 Dec 2025 16:54:31 GMT"}],"EndpointProperties":[{"Name":"fingerprint","Value":"vwqmq5taxt"},{"Name":"integrity","Value":"sha256-QfDXc3UwCVS4PTQOonK5iKEZ2+Xk/Jk++RT9GiutKoM="},{"Name":"label","Value":"public-site/index.html"}]},{"Route":"sample-data/animations.as7muvz0z0.json","AssetFile":"sample-data/animations.json","Selectors":[],"ResponseHeaders":[{"Name":"Accept-Ranges","Value":"bytes"},{"Name":"Cache-Control","Value":"max-age=31536000, immutable"},{"Name":"Content-Length","Value":"1160"},{"Name":"Content-Type","Value":"application/json"},{"Name":"ETag","Value":"\"6rq8xyNDCZJu6iEtmbOsgQ0e0xaAUKK5TTaNMwgQkBc=\""},{"Name":"Last-Modified","Value":"Fri, 26 Dec 2025 23:37:13 GMT"}],"EndpointProperties":[{"Name":"fingerprint","Value":"as7muvz0z0"},{"Name":"integrity","Value":"sha256-6rq8xyNDCZJu6iEtmbOsgQ0e0xaAUKK5TTaNMwgQkBc="},{"Name":"label","Value":"sample-data/animations.json"}]},{"Route":"sample-data/animations.json","AssetFile":"sample-data/animations.json","Selectors":[],"ResponseHeaders":[{"Name":"Accept-Ranges","Value":"bytes"},{"Name":"Cache-Control","Value":"no-cache"},{"Name":"Content-Length","Value":"1160"},{"Name":"Content-Type","Value":"application/json"},{"Name":"ETag","Value":"\"6rq8xyNDCZJu6iEtmbOsgQ0e0xaAUKK5TTaNMwgQkBc=\""},{"Name":"Last-Modified","Value":"Fri, 26 Dec 2025 23:37:13 GMT"}],"EndpointProperties":[{"Name":"integrity","Value":"sha256-6rq8xyNDCZJu6iEtmbOsgQ0e0xaAUKK5TTaNMwgQkBc="}]},{"Route":"service-worker.js","AssetFile":"service-worker.js","Selectors":[],"ResponseHeaders":[{"Name":"Accept-Ranges","Value":"bytes"},{"Name":"Cache-Control","Value":"no-cache"},{"Name":"Content-Length","Value":"2627"},{"Name":"Content-Type","Value":"text/javascript"},{"Name":"ETag","Value":"\"5hJpu1le9UzTEMIbbKyFzaMMByLgfMP+PKdy6aWajQI=\""},{"Name":"Last-Modified","Value":"Wed, 07 Jan 2026 19:37:31 GMT"}],"EndpointProperties":[{"Name":"integrity","Value":"sha256-5hJpu1le9UzTEMIbbKyFzaMMByLgfMP+PKdy6aWajQI="}]},{"Route":"service-worker.u355cmu3ns.js","AssetFile":"service-worker.js","Selectors":[],"ResponseHeaders":[{"Name":"Accept-Ranges","Value":"bytes"},{"Name":"Cache-Control","Value":"max-age=31536000, immutable"},{"Name":"Content-Length","Value":"2627"},{"Name":"Content-Type","Value":"text/javascript"},{"Name":"ETag","Value":"\"5hJpu1le9UzTEMIbbKyFzaMMByLgfMP+PKdy6aWajQI=\""},{"Name":"Last-Modified","Value":"Wed, 07 Jan 2026 19:37:31 GMT"}],"EndpointProperties":[{"Name":"fingerprint","Value":"u355cmu3ns"},{"Name":"integrity","Value":"sha256-5hJpu1le9UzTEMIbbKyFzaMMByLgfMP+PKdy6aWajQI="},{"Name":"label","Value":"service-worker.js"}]}]}