PageName,PageRoute,Category,RequiresAdmin,IsActive,DisplayOrder
--------,---------,--------,-------------,--------,------------
Device Setup,/admin/users/{TargetUserId:int}/devices,ADMINISTRATION,1,1,43
Manage Users,/users,ADMINISTRATION,1,1,50
Live Activity Feed,/admin/users/live-activity,ADMINISTRATION,1,1,51
Active Device Sessions,/admin/users/active-sessions,ADMINISTRATION,1,1,52
Security & Access Hub,/admin/security-settings,ADMINISTRATION,1,1,53
Administrative Logs,/admin/audit-logs,ADMINISTRATION,1,1,54
Data Export,/export,ADMINISTRATION,1,1,55
Document Manager,/admin/documents,ADMINISTRATION,1,1,102
Import,/admin/import,ADMINISTRATION,1,1,106
Notification Preferences,/admin/notification-preferences,ADMINISTRATION,1,1,108
Notification Routing,/admin/notification-routing,ADMINISTRATION,1,1,109
Review Moderation,/admin/review-moderation,ADMINISTRATION,1,1,112
Video Access Monitoring,/admin/video-access-monitoring,ADMINISTRATION,1,1,116
Vpn Profile Manager,/admin/vpn-profiles,ADMINISTRATION,1,1,117
Blackout Manager,/admin/blackout-dates,ADMINISTRATION,1,1,119
Form Builder,/admin/form-builder/{FormId:int},ADMINISTRATION,1,1,121
Media Manager,/admin/media,ADMINISTRATION,1,1,123
End of Shift Sales,/operations/end-of-shift,BARTENDERS,0,0,110
Bartender Schedule,/admin/staff-shifts,BARTENDERS,1,1,111
View Monitor,/cameras/view,CAMERA SYSTEM,0,1,90
System Setup,/cameras/configure,CAMERA SYSTEM,1,1,91
Audit Log,/cameras/audit,CAMERA SYSTEM,1,1,92
Camera Discovery,/cameras/discover,CAMERA SYSTEM,0,1,93
Camera Management,/cameras,CAMERA SYSTEM,0,1,94
Event Playback,/cameras/{CameraId:int}/playback,CAMERA SYSTEM,0,1,95
Secure Access,/cameras/secure-access,CAMERA SYSTEM,0,1,96
Controller Events Page,/controllers/events,CONTROLLERS,0,1,5
Controller Status Page,/controllers/{ControllerId:int}/status,CONTROLLERS,0,1,6
Access Controllers,/controllers,CONTROLLERS,1,1,20
Search Controller,/controllers/discovery,CONTROLLERS,1,1,21
Access Holidays,/controllers/schedules/holidays,CONTROLLERS,1,1,22
Access Admin,/controllers/access-admin,CONTROLLERS,0,1,75
Advanced Modes,/controllers/advanced-modes,CONTROLLERS,0,1,76
Auto Open,/controllers/auto-open,CONTROLLERS,0,1,77
Controller Schedules,/controllers/{ControllerId:int}/schedules,CONTROLLERS,0,1,79
Controller Test,/controllers/test,CONTROLLERS,0,1,80
Controller Test,/controllers/{ControllerId:int}/test,CONTROLLERS,0,1,81
Door Config,/controllers/{ControllerId:int}/door-config,CONTROLLERS,0,1,82
Door Configuration,/controllers/door-configuration,CONTROLLERS,0,1,83
Door Management,/controllers/door-management,CONTROLLERS,0,1,85
Network Config,/controllers/{ControllerId:int}/network-config,CONTROLLERS,0,1,86
Schedules Page,/controllers/schedules,CONTROLLERS,0,1,88
Time Profiles,/controllers/schedules/profiles,CONTROLLERS,0,1,90
Dashboard,/,DASHBOARD,0,1,1
Device Setup,/my-devices,DASHBOARD,0,1,42
My Security,/my-security,DASHBOARD,0,1,44
Activate,/setup/activate,DASHBOARD,0,1,45
Activate,/setup/activate/{Token},DASHBOARD,0,1,46
Device Wizard,/setup/wizard,DASHBOARD,0,1,47
Onboarding,/setup/vpn/{Token},DASHBOARD,0,1,48
Pending Auth,/setup/pending-auth,DASHBOARD,0,1,49
Recovery,/setup/recovery,DASHBOARD,0,1,50
Request Access,/setup/request-access,DASHBOARD,0,1,51
Setup Device,/setup/device,DASHBOARD,0,1,52
Unauthorized Device,/setup/unauthorized-device,DASHBOARD,0,1,53
System Status,/maintenance/system-status,DASHBOARD,0,1,60
Financial Insights,/finance/insights,FINANCE,1,1,30
Reimbursements,/reimbursements,FINANCE,0,1,31
Manage Reimbursements,/reimbursements/manage,FINANCE,1,1,32
Lottery Sales,/lottery,FINANCE,0,1,33
Lottery Analytics,/finance/lottery-analytics,FINANCE,1,0,34
Lottery Summaries,/finance/lottery-summaries,FINANCE,1,1,35
Lottery Reconcile,/finance/lottery-reconcile,FINANCE,1,0,36
Bar Sales Entry,/admin/bar-sales,FINANCE,1,1,37
Bar Sales,/finance/bar-sales,FINANCE,1,1,38
Bar/Lottery Entries,/finance/bar-lottery-sales,FINANCE,1,1,39
Club Events Financials,/finance/club-events,FINANCE,1,1,40
Employee Hours Worked,/finance/employee-hours,FINANCE,1,1,41
New Request,/reimbursements/new,FINANCE,0,1,55
New Request,/reimbursements/view/{Id:int},FINANCE,0,1,56
Reports,/reimbursements/reports-obsolete,FINANCE,0,1,58
Settings,/reimbursements/settings,FINANCE,0,1,59
Bills And Invoices,/finance/bills,FINANCE,0,1,66
Club Event Details,/finance/club-events/{Id:int},FINANCE,0,1,67
Finance Monthly Report,/finance/report/{Month:int}/{Year:int},FINANCE,0,1,70
Financial Overview,/finance/overview,FINANCE,0,1,72
Payroll Center,/finance/payroll-center,FINANCE,0,1,74
Janitor Hours (Mobile),/mobile/janitor-hours,MOBILE APPS,0,0,10
Bar Manager Hours (Mobile),/mobile/bar-manager-hours,MOBILE APPS,0,0,11
Schedule Manager,/mobile/manage-schedule,MOBILE APPS,1,0,112
Mobile Hub,/mobile,MOBILE APPS,0,0,120
Mobile Schedule,/mobile/schedule,MOBILE APPS,0,0,121
End of shift sales,/mobile/shift-report,MOBILE APPS,0,0,122
Mobile Checkout,/mobile/liquor/checkout,MOBILE APPS,0,0,123
Liquor Hub,/mobile/liquor/hub,MOBILE APPS,0,0,124
Mobile Inventory,/mobile/liquor/manage,MOBILE APPS,0,0,125
Mobile Analytics,/mobile/analytics,MOBILE APPS,0,0,126
Mobile Key Cards,/mobile/keycards,MOBILE APPS,0,0,127
Mobile Dues,/mobile/dues,MOBILE APPS,0,0,128
User Management,/mobile/users,MOBILE APPS,0,0,129
Submit Reimbursement,/mobile/reimbursements,MOBILE APPS,0,0,130
Reimbursement Hub,/mobile/reimbursements/manager,MOBILE APPS,0,0,131
System Vitals,/mobile/system/stats,MOBILE APPS,0,0,132
Sales Alert Widget,widgets/shift-sales-alert,GFC PORTAL (MOBILE),0,0,133
Visual Editor,/studio,GFC STUDIO,0,1,100
Rental Requests,/admin/hall-management,HALL RENTALS,1,1,70
Rental Settings,/admin/hall-rental-settings,HALL RENTALS,1,1,71
Liquor Hub,/liquor/hub,LIQUOR,0,1,61
Print Batch Sheet,/liquor/print-batch/{BatchDateStr},LIQUOR,0,1,62
Print Order Sheet,/liquor/print-order/{OrderId:int},LIQUOR,0,1,63
Add Member,/members/new,MEMBERSHIP,0,1,1
Camera System Verification,/camera-verification,MEMBERSHIP,0,1,3
Change Password,/changepassword,MEMBERSHIP,0,1,4
Debug Db,/debug-db,MEMBERSHIP,0,1,8
Diag Np Queue,/diag-np-queue,MEMBERSHIP,0,1,9
Members Info,/members,MEMBERSHIP,0,1,10
Dues/Payments,/dues,MEMBERSHIP,0,1,11
Directors,/board,MEMBERSHIP,0,1,11
Edit Member,/members/{MemberId:int}/edit,MEMBERSHIP,0,1,12
Door Key Cards,/keycards,MEMBERSHIP,0,1,12
Life Eligibility,/life-eligibility,MEMBERSHIP,0,1,13
Error,/Error,MEMBERSHIP,0,1,13
Home,/website-home,MEMBERSHIP,0,1,14
Non-Portuguese Queue,/np-queue,MEMBERSHIP,0,1,14
Club Bylaws,/bylaws,MEMBERSHIP,0,1,15
Directors,/directors,MEMBERSHIP,0,1,16
Login,/login,MEMBERSHIP,0,1,16
Member Access,/member-access/{MemberId:int},MEMBERSHIP,0,1,17
Physical Keys,/physicalkeys,MEMBERSHIP,0,1,17
Member Dues History,/members/{MemberId:int}/dues,MEMBERSHIP,0,1,18
Member Key Card Status,/members/keycards,MEMBERSHIP,0,1,19
Safe Mode Lockout,/safe-mode-lockout,MEMBERSHIP,0,1,22
Sign In Draw Print,/print-membership-draw,MEMBERSHIP,0,1,23
Standard Page,/p/{Slug},MEMBERSHIP,0,1,24
Studio Preview,/studio/preview/{Slug},MEMBERSHIP,0,1,25
Sync Queue,/keycards/sync-queue,MEMBERSHIP,0,1,26
Test,/test,MEMBERSHIP,0,1,27
Test Db,/test-db,MEMBERSHIP,0,1,28
User Management,/users-old,MEMBERSHIP,1,1,29
Verify Mfa,/verify-mfa,MEMBERSHIP,0,1,30
Vpn Required,/vpn-required,MEMBERSHIP,0,1,31
Member Detail,/members/{MemberId:int},MEMBERSHIP,0,1,35
Settings,/settings,MEMBERSHIP,0,1,37
Studio,/studio/{PageId:int},MEMBERSHIP,0,1,39
Standalone POS App,pos,POS SYSTEM,0,0,100
Live Sales Monitor,/admin/pos-monitor,POS SYSTEM,1,0,100
POS Menu Manager,/admin/pos-menu,POS SYSTEM,1,1,101
Terminal Management,/admin/pos-devices,POS SYSTEM,1,0,102
Pos Sales Analysis,/admin/pos-analysis,POS SYSTEM,1,1,128
Pos Sales Audit,/admin/pos-audit,POS SYSTEM,1,1,129
Pos Terminal,/admin/pos-terminal,POS SYSTEM,1,1,130
Pos ZReport History,/admin/pos-z-reports,POS SYSTEM,1,1,131
System Diagnostics,/admin/system-diagnostics,SYSTEM,1,1,40
Infrastructure Hub,/admin/operations,SYSTEM,1,1,80
Text & Email Setup,/admin/system/communications,SYSTEM,1,1,81
System Alert Registry,/admin/system/alerts,SYSTEM,1,1,82
Network Status,/admin/system/network-status,SYSTEM,1,1,127
Page Management,/admin/pages,WEBSITE,1,1,60
Review Moderation,/admin/reviews,WEBSITE,1,1,61
Event Promotions,/admin/event-promotions,WEBSITE,1,1,62
Nav Menu Editor,/admin/nav-menu-editor,WEBSITE,1,1,63
Website Settings,/admin/website-settings,WEBSITE,1,1,64
Form Builder,/admin/form-builder,WEBSITE,1,1,65
Form Submissions,/admin/form-submissions,WEBSITE,1,1,66
Special Events,/controllers/schedules/specialevents,WEBSITE,1,1,67
