[
  {
    "id": "anim-001",
    "name": "Simple Fade In",
    "description": "A basic fade-in effect for any element.",
    "tags": ["fade", "simple"],
    "keyframes": [
      {
        "id": "kf-1",
        "target": "Element",
        "effect": "fadeIn",
        "duration": 1.5,
        "delay": 0.5,
        "easing": "easeOut"
      }
    ]
  },
  {
    "id": "anim-002",
    "name": "Slide In From Left",
    "description": "The element slides in from the left side of the screen.",
    "tags": ["slide", "entrance"],
    "keyframes": [
      {
        "id": "kf-2",
        "target": "Element",
        "effect": "slideLeft",
        "duration": 1.0,
        "delay": 0.2,
        "easing": "easeInOut"
      }
    ]
  },
  {
    "id": "anim-003",
    "name": "Pulsing Glow",
    "description": "A subtle pulsing glow effect to draw attention.",
    "tags": ["glow", "loop"],
    "keyframes": [
      {
        "id": "kf-3a",
        "target": "Element",
        "effect": "glow",
        "duration": 2.0,
        "delay": 0.0,
        "easing": "linear",
        "iterations": -1
      }
    ]
  }
]
